tweet;demanda;tema
ataque shengelia favor cómo ir;0;
casa punto home staging ser unir técnica favorecer ventaalquiler vivienda ahora;0;
conferencia cambio climáticooportunidad hacia desarrollo sostenible;0;
baja basura basura;0;
contar entrenador personal instagram debe seguir parar ponerte forma;0;
curso gratis universitario online parar formarte mayo;0;
curso online gratuito formación laboral;0;
abril nevar vitoria asíesmiciudad;0;
abril gasteiz haber nevadosan prudencio hacendar;0;
día pa santo ágora estibaliz anderea bu egi gasteiz;0;
aparcabicis estación autobús instalar;0;
aparcabicis pago estación autobús colocar;0;
ser problema global integralmira cómo competición feb pla;0;
estrategia infalible funcionar niño tdah;0;
feliz sanprudencioabrígate bien disfrutar romeríaondo pasaarabaalava vitoria vitoriag;0;
feliz sanprudenciohabrá ir bien abrigado romería;0;
hogar verde jornada electricidad hogar;0;
hora media;0;
i congreso jurídico abogacía alavés;0;
mejor tema wordpress parar tender online;0;
messi voto parar messivsarsenal ser mejor gol leer messi votar;0;
minuto larkin primero parte baskonia demasiado idea ataque nadie crear equivocar sito ahí opinión;0;
violencia deporte violento fútbol athleticbetis;0;
nominación premio max espectáculo oskara bien merecer zorionak jon;0;
profesional congreso geriatría gerontología vitoria vitoriagasteiz;0;
profesional geriatría gerontología debatir vitoriagasteiz vejez llena vida;0;
querer potenciar recurso turismo caravana parar captarturistas atraer vitoriagasteiz green;0;
sesión circuito acuático cc ibaiondo;0;
sesión gpump cc ibaiondo;0;
seguir hoy directo tamborrada sanprudencio gasteiz hoy;0;
taller cosmética comestible;0;
vida engañar;0;
vitoria;0;
vitoriagasteiz pais vasco spain;0;
bueno hora problema ser devolver robar;0;
multa haberla atado lateral banco ke haber robar rueda ser green;1;delincuencia
tramposo fundar declaracion renta jeta;0;
calle merecidamente;0;
hora felicitar enal bar zazpi donostia triunfo xixde gramo;0;
mes embarazo decir sexo hijo basar decir bus simple basico gustar;0;
joder huevo alguien obligar prestar bici extraño loco niño pedir negociar;0;
mou crucificar sombra topor alargar si ninguno problemay;0;
partir gol madrid jugar medio gas poder meter mas cuanto hacer falta ir ataque minuto tener gol;0;
seguir asíydando vidilla vitoriay;0;
ver tiempo hoy cojón acabar empezar unir tormenta justo volver casa bici toma;0;
ver garaje caliente comparación calle gasteiz pasa;0;
ver si chico tranvía ir ser unir choni sentar halagar aquí hacendar canelo;0;
ver si podeis hacer mas ruido debajo casa;0;
vitoria haber traer;0;
abetxuko seguir hoy fiesta consulta programa;0;
abrir inscripción parar taller activar recurso parar empleo;0;
acabar literalmente darme ataque risa pelillo zuko;0;
acceso dársena aparcabicis estación bus clave acceso giratorio parar solo salir;0;
aceptar ayuda ir olvidar ser problema;0;
aclarar unir cosasegun tener entendido fibra optica habla mundo instalar solo hast;0;
acordaros mayo celebrar día europa vitoriagasteiz izaskun landaida emakunde daniel innerarity globernance;0;
actualmente existir inventario arbolado callar dirigir público proximamente actualizar i;1;espacio público
acumulación basura paseo estrasburgo;1;limpieza
adjunto fotografíaespacio pãblicoocupaciãn vãa pãblicalvm hacer minuto;0;
adrian peterson saints ser mejor opción parar optar anillo pinta tener ataque división nflesp;0;
agenda vitoriagasteiz don cristobal unir tragicomedia títere abajar jueves mayo;0;
agenda vitoriagasteiz lorelei green actuar viernes vitoria;0;
ah claro perretxikos sagrado;0;
ahora mismo nevar gasteiz;0;
ahora mismo árbitro ir comer silbo haber problema juego;0;
ahora nieve abril vitoria video vitoriagasteiz;0;
ahora poder conseguir gratis plugins parar vídeo d realidad virtual valorar dólar;0;
ahora socializar medio producción renta flipas;0;
tener perder pagar precio tener innecesario frase conciencia coaching;0;
alaves dos triunfo gol ir equipo b aunque vitoria alcocorcon osasuna fallar;0;
alcalde vitoria riesgo reabrir garoña ser inasumible vitoriagasteiz;0;
alguien poder recomendar bueno tatuador gasteiz ser color bueno tamaño tattoo;0;
alguno vez quizás ser víctima violencia escribir seguir titular oposición pacífico;0;
alguno persona deber comer maquillaje parar ver si lograr ser bonito dentro;0;
almendra medieval gasteiz colorido esoectacular;0;
almost ready for tonight spcc curling harrikada vitoriabakh ciudad deportivo baskonia;0;
alokabide habitar portal edificio calle bremen;0;
alrededor profesional geriatría gerontología reunir vitoriagasteiz debatir vejar;0;
amazing ayer enseñar unir nota móvil vitoria poner fiebrebad gyalpues ir pavo poner fiebre david bisbal;0;
ami metro indignar q nadie d arribar decilitro club propio sitio haber protestar comer dios man;0;
amigo solo bici ayer correr pie casi atropellar u;0;
ander gastón alza premio viii encuentro fashion blog pasarela gasteiz on zorionak;0;
animación gaitero centro gallego vitoriagasteiz abetxukojaiak;0;
anímate enseguida llegar bueno tiempovivo vitoria;0;
ánimo rojillos gasteiz;0;
anteayer ir pantalón corto vida hoy poder nevar just gasteiz things;0;
ahora problema juego;0;
apollo xi vr paseo lunavitoriagasteiz;0;
app buzón ciudadano dar error querer trasladar incidencia rótulo calle girar salburua;0;
aquí señorit poder desbocar haciéndolo q haber problema alguno;0;
aquí tener boletín foto alumno landázuri ikastola ramón bajo;0;
aquilesresponde crear llegar millón subs saludo vitoria;0;
árbol amor árbol judascercis siliquastrumamodioaren zuhaitza edo judasen zuhaitzacercis udaberria;0;
arrancar mayo mes poesía vitoriagasteiz;0;
arrancar inscripción parar bachillerato;0;
articular sexo gasteiz pollo mejillón vapor;0;
artium yelp agradable visita alen aniversario hermoso delicado obra lilianapo;0;
asco miedo sufrimiento amor;0;
asco ser palabra palabra ser pena tener valorar equipo;0;
asco ver pujol;0;
ascofeliz domingo;0;
asehy ir pa calle;0;
así haber ser retreta santo prudencio haber tener lugar vitoriagasteiz;0;
así lucir nuevo bus green tuvisa;0;
así lucir nuevo bus green vitoria;0;
asi ganar euro menú sook by raúl cabrero sukaldari powerhotel silken ciudad vitoria;0;
así poder árbitro puta calle;0;
así haber amanecer hoy llanada alavesavitoria spain merced benz;0;
así gastar dimitris giannakopoulos saber comer autobus carretera ir;0;
atracción feria motivo santo prudencio;0;
atrium unpedazodecielocristalizado javierperez venecia spain vitoria sistemico arte;0;
aunque claro comer extremar izquierda venir problema extremista luego;0;
aunque amigo mañana kiss compartir cosa mandar alguno vez hoy ser fiesta vitoria alava;0;
aunque quedar perretxikos tooooodos;0;
aupar luis cómo gustar escuchar opinión así duda ser deber sembrar aquí tener si venir po;0;
aurrera equipo decon nuestrxs compis d gasteiz barbarie lxs refugiadxs nadie gana;0;
autobús vitoriaforonda;0;
avería nivel rojo pk subijana alavasubillanagasteiz dgtaraba dgt;1;movilidad
aviso festividad santo prudencio haber reunión abril bancodeltiempo vitoria gasteiz quedar parar mayo;0;
ayer disfrutaronaprendiendo agua actividad amvisa alumnado gracia;0;
ayer ir festivo vitoria pecar pisito necesitar atención igualsolo tener nosotr;0;
ayer grado hoy maxima siberia gasteiz;0;
ayrton senna morir hacer año;0;
ayuda ayuntamiento vitoriagasteiz parar comercio plazo presentación solicitud finalizar mayo;0;
ayuda iberescena;0;
aznararzalluzrajoyurkulluvitoria spain;0;
azúcar mata ser eslogan ser exagerar ser problema tolerancia tener;0;
bah bici quito pegatina;0;
barcelona sensibilizar ciudadanía parar menos ruido ciudad;0;
baskonia vitoria gasteiz;0;
baskonia vitoria gasteiz espcska moscú rus;0;
baskonia vitoria gasteiz v cska moscow;0;
baskonia vitoria gasteiz v divino seguro joventut;0;
baskonia vitoria gasteiz vs cska moscowen vivo;0;
bastar permitir ramo hacer entrada ser primero ser reincidente puta calle partido sanción aplaudir;0;
bendecir problema;0;
bici moto duda domingo aunque dos rodar claro;0;
bienbien teneis f equipo queriais parar año venir notar menudo robo;0;
bizikleteroak elpictograma bicicleta doble chevrón indicar circulación bicicleta calz;0;
bizikleteroak rotonda bulevar salburua paseo iliada haber paso ciclista pesar est;0;
bizikleteroak prever modificar sentido circulación parar bicicleta portal legutiano vit;1;movilidad
briatore alonso haber decidir partirse pelota mónaco coche;0;
bua morir calor bus;0;
bueno apunte ser chocante entrar través unir pirámide ser problema;0;
bueno apunte haber ingrediente elemento según cantidad poder ser tam;0;
bueno café coffe timar barbatzarre callevalladolid vitoriagasteiz gasteiz igersgasteiz;0;
bueno robo ahí tener f ruso mandar bueno regalo silbato;0;
bueno tiempo gasteiz inmejorable donosti;0;
bueno comida celebración dominos pizza vitoria;0;
bueno historia superación muchacho tras accidente tener esperar verle año qu;0;
buenísimo acuerdo tras año pito boca niño beber birra;0;
bueno extremo extremo dar tampoco problema ser centro dar risa;0;
bueno noche ser larga esperar salga impune ataque chaval hacia acuerdo;0;
bueno ser reñir comer aprieto hacer raer pues luego hora borrar parar lineart ser problema;0;
bueno menos quedar cartera salir gratis ataque machista payaso;0;
bueno consejo parar dejar limpio toldo preparado parar protegernos sol;0;
bueno día vitoriagasteiz;0;
buf año ruido polvo unir experiencia imaginar;0;
buff saber eh aquel barcelona llevar año arrasandosu problema ir solventar;0;
bus foronda euro solo parar viajar ryainair;0;
buscar kira colonia txagorritxu vitoria;0;
c hondarribia obra remodelación lonja valla ocupar espacio calle licencia obra vis;0;
cada día deyverson parecer peor tener detallar pelea tener huevo saber pasarla piscinazos tela;0;
cada forma caminar vida tener sendero hacia muerte referencia aunque lejano parar mayoría litro;0;
cada momento cuenta vez ser unir historiapero nuevo momento nacer viejosy viejo haber ec;0;
cada mirar interesar cierto ser q problema ps ser global falla hollande vals hamon falla política unidad;0;
caer nievevg álava vitoriagasteiz forma testimonial vídeo dani castro;0;
calendario congresual vitoriagasteiz;0;
calle recién dar cuenta jajajajjajajajaja;0;
cámara tráfico directo;0;
campaña declaración renta pedir cita previo;0;
campeón muaythai lucha violencia género;0;
campo astrónomo barriosantaluciavitoriagasteiz pais vasco spain;0;
cara alegrar vitoria entrar primero persona entrada parar final copa;0;
caravana mujer tranvía;0;
carlos gómez aita oiergomez oieretxerahoy miércoles oieretxeraguneael mayo;0;
carretera vitoria bilbao nacional passat sacar foto pasar túnel hacia altube;0;
carta abrir wyoming sacerdote;0;
casi contar haber ganado batalla mosca ahora ser problema calle;0;
castigar jamar bourousis bus estambul atenas;0;
cazar tres ladrón vitoria huella zapato;1;delincuencia
celebrar día tierra observar odonatoscienciaciudadanavg yurre vitoriagasteiz;0;
cercaenoticias actualidad;0;
chariii chicaya ver litro wassap alegro k esteis bien pelea;0;
chico tranvía si querer tío medio dejar paz deber superar doce probar;0;
chiringuitoclásicojajajajajj seguir vero pq dar asco parto medicina tacto rectal haber metido messi hoy jajjajjaj;0;
choque entrar coche bus américa latinar;1;movilidad
ciclista profesional ser atacar violentamente mientras entrenar;0;
ciclista aire descubrir blog haber detrás sugerente título;0;
cifp eraiken vitoriagasteiz ikaslan arar curso instalación puesta marcha aparato calefacción;0;
cincar cosa debe analizar monitorizar red social marca;0;
cincar herido accidente ap kuartango;0;
cincar herido accidente ap tras vuelco vehículo foto;0;
cita convuelve curling gasteiz partir mañana domingo;0;
ciudad ley seguir ocupación piso vitoria vitoriagasteiz;1;administración pública
claro estan juntosmisma soberviaprepontecia chuleriamedan asco;0;
claro hecho menos problema ver ser experimentar dque poder dar;0;
comenzamoshablando seguridad salud trabajo mayo ahora;0;
comisión hacienda;0;
comisión urbanismo;0;
cómo ahorrar dinero oferta producto gratis;0;
comer bien decir jose luis haber hecho triple kilómetro bici cancha triste pas;0;
comer cuesta madrugar camino radio contigo hora canariasvitoria spain;0;
cómo generar proceso venta predecible;0;
comer hijo médico decir médico descubrir prob;0;
cómo identificar unir víctima violencia escolar;0;
cómo llevar cabo unir inversión;0;
comer gustar ver blusa calle sannnnnpru;0;
cómo poder llegar dar asco unir persona preguntooo;0;
comer mola catedral viejo vitoria santo maria lista monumento patrimonio;0;
comer poder ser forma terminar robo claro último triple;0;
cómo proteger pc nuevo windows defender;0;
cómo publicar texto largo twitter dividirlos fácilmente tuits;0;
comer año haber mani lab aquí frase oída primero mayo mani gasteiz;0;
comer haber hecho rodilla caí vía tranvía;0;
comparador televisión;0;
comparativa moviles;0;
compensar atracón recorrido naturalístico cortejo ranita santo antonio sábado;0;
completar maletín vitoriagasteiz pais vasco spain;0;
comunicar bordillo acera hua encontrar mal afilado hoy haber revolución;1;espacio público
comunicar servicio plaza porticada haber dejar alcorque lleno herbar alta pesar d;1;espacio público
sprint haber pegado bici delante perro poder haber generar electricidad parar pueblo d alrededor;0;
querer decir arbitraje ir bochornoso ir sólo ejempl;0;
retuitear referir retuitear dibujitos gente retuitear mierda tipo batalla épica rt chocolate fav basura;0;
primosvitoria spain;0;
limpia arma atento paño limpiador redolfi armi extremar cloth calidad asegurado unir limpieza;0;
mas somo capaz marcar eibar falta gol ser grave problema;0;
concejal enfadar vitoria sucio vitoriagasteiz;1;limpieza
concluir instalación aparcabicis estación autobús;0;
concurso nanorrelatos parar joven carácter tener escribir verbo leer;0;
concurso moda infantil corte inglés vitoriagasteiz;0;
condenado usar paloma vivir cebo envenenar parar matar ave rapaz;0;
conflicto intergeneracional sólo agravar problema;0;
conocer plaza aparcamiento subterráneo gestionar ayuntamiento;0;
conocer proyecto paralelo cescallevamos año medio hacendar c vitoria junto apasos vitori;0;
conocer obra teatro hora saber ir perdereste;0;
consejo recomendación parar viajar seguro;0;
control calle florido;0;
convocar concurso cartel parar anunciar fiesta blanco;0;
convocar concurso cartel parar anunciar fiesta lablancaaquí tener basar;0;
convocatoria prensa;0;
cóooomo si tener cara asco suprema jajsjdjdjd erar tan lindar querer nana pffff;0;
coreógrafo jon maya cautivar primer espectáculo oteizari biraka entonces segu;0;
correr bola calle mira baño restaurante pakistaní cómete huevo nido unir paloma;0;
corte c cerca baja entrar c félix maría samaniego beato tomás zumárraga;1;movilidad
cortes puntual c santo domingo cruzar c correría;1;movilidad
cosa capaz dejarme tirado parar resto díaburocraciallamadas telefónicasruido ambiental fuertecitas ineludible;0;
cosita plan irónicoha haber cosa gravar ayerun robo así acarrear pena prisión;0;
crecer llegada turista vitoriagasteiz vacación semana santo;0;
crónica jornada ligaaurrerazierbena aurrera vitoriagonzalo julen ander joseba bruno;0;
siguiente especie ser unir invasor programa seguimiento cienciaciudadanavg;0;
cada vez cerca calor día hacer largo cuerpo;0;
creer haber vanear contar instar resulta mismo problema tenia monton gente caidainstagram;0;
detectar problema visión huir remedio mágico consulta oftalmólogo;0;
haber violencia si gustar apoyar instigar rutasocial haber;0;
gente habla jaias gasteiz;0;
tener problema mismo crear q ser página;0;
poder compartir gustar unir persona si renta;0;
sal calle haber nadie vacío;0;
poder compar entrada online menos vitoria dar opción aun gracia;1;administración pública
pasar vídeo nevar gasteiz abril;0;
saludar calle dar tiempo asimilar ser ir ciego palomo;0;
visita salburua sentido humedal brindar sorpresa comer unir rata agua;0;
ser dos mismo problema uiiii;0;
cuanto credibilidad dar noticia panathinaikos tener regresar atenas autobús;0;
cuánto obrero afiliado ninguno sindicato mayoría salir hoy calle alguno organización obrero;0;
current weather in vitoria broken clouds c humidity wind kmh pressure mb;0;
current weather in vitoria few clouds c humidity wind kmh pressure mb;0;
curso roncopatía apnea sueño mayo elcentro formación btiinstituto eduardo anitua vitori;0;
curso online gratuito parar docente ciberacoso;0;
curso matrícula abrir dpto empleo ayto vitoriagasteiz;0;
dar asco asco enemigosdelapaz popatikhartzera;0;
dar asco leer joder si tener mas remedio aguantar injusticia;0;
dar asco;0;
dales silencio ser mejor respuesta frasesconciencia psicología coaching citasvitoria;0;
dar bien asco;0;
dar asco comento;0;
dani lorenzocompartiendo tertulia basket estudio deesperamos pregun;0;
dani parar ser orgullo eny llevar vitoria cancha;0;
daniela tener ninguno problema dar primer paso buscar teléfono querer dar espacio elettra lloro radiotubersdanielablume;0;
finde tierra vasco gustar vitoria cada vez vengar hacer;0;
grado bajo cero jornada vitoria vitoriagasteiz;0;
pintxitos gasteiz spain vasco sistemico love couplevitoria spain;0;
forma gestión programa ser complejo duda problema q señalar segundo;0;
turquía grecia bus haber querer dueño pao troll trolles;0;
verdad tener autobús ser surrealista;1;movilidad
decirle padre asir mas sucio ver nuncano tener q;0;
definir torpe caerte vía tranvía justo venir caer puta cosa;0;
concierto ayer vitoria izasku kimdiosesfielvitoria spain;0;
concierto vitoriatourvitoria spain;0;
pasado memoria futuro objetivo claro centrar mirada línea fuga perspectiva;0;
robo arbitral baskonia belosevic nevera euroliga retirar;0;
delincuencia robar unir panadería intentar kiosko vitoria vitoriagasteiz;1;delincuencia
dell donar elclasico austingp ver vez si ninguno problema gracia;0;
demayo salud seguridad laboral cada minuto producir unir baja accidente enfermedad laboral;0;
denuncia favor árbitro calle parar vida;0;
descomplicada unir bici llevar lado;0;
desconocer cuãl ir motivo denegã cerrar parte patio escuela infantil u;0;
descubrir vitoriagasteiz rincón almendramedieval paseo espectacular rincón;0;
bus haber llamado poli haber dicho zona esperar haber ir rápidoestoy intranquilo mañana llamar ver si decir;0;
menú configuración teclado deber tener problema;0;
eoncult reivindicar nomaltrato toleranciacerocultura yviolencia;0;
unidad mantenimiento urbano visita zona proceder reparaciãn fecha ser;0;
solgranel desear feliz fiesta santo prudenciosanprudentzio sanprudencio gasteiz;0;
deseo saber si plan aprobado exacto respecto ibiurbanismoviviendaplan;1;administración pública
despejar vitoria vitoria gasteiz vitoriagasteiz alava paisvasco euskadi paseodelasenda;0;
después hacer ruta bici gustar disfrutar recordar recorridopues enlace poder;0;
después trabajo mantenimiento sala pesasya nuevo abrir vitoria vitoriagastei;0;
después ocultarle diagnóstico tdah unir madre descubrir hijo encantar saber;0;
después increíble robo arbitral;0;
después especialista trata caso fondo ser;0;
detener violencia matanza masivo litro;0;
detenido tras robar intimidación unir panadería vitoria;1;delincuencia
deyverson fallar esque santo falla ser decir camarasa comer decir banco yay;0;
día pintxos vitoriagasteiz pais vasco spain;0;
día lluvioso traer tarde txikis ataria parar aprender bandeja descúbrelas;0;
día nublado vitoria;0;
diez forma detectar phising;0;
difícil ser poner letra q pedir unir vida parar poder verlo frasesvitoria gasteiz;0;
dindón dindón dindón dindón dindón dindón dindón vitoriafelizjueves;0;
diocesis vitoria novedad;0;
directo protagonista tradición tamborrada;0;
directo sanprudencio sonar tun tun trompeta plaza diputación;0;
directo tambor cocinero majorette;0;
directo tamborrada engánchate;0;
disfrutar paso victoria página miranda danzálava preparar último workshop iñaki azpillaga;0;
disfrutar tercer tiempo paseo gamarra curling harrikada vitoria spcc;0;
dispositivo antiterrorista retreta vitoria foto ayer vitoriagasteiz;0;
dispositivo antiterrorista retreta vitoria foto vitoriagasteiz;0;
diy semana reciclar botar cristal parar decorar rinconcito hogar;0;
don mario scola buesa animar alganar ganar beldur barik;0;
dar fe mono parar ir calle;0;
duda zapatilla convenir recomendación quizá poder ayudarte;0;
durar durar conflicto limpieza vitoria;1;limpieza
edimburgo gran fiesta escocés;0;
eguerdion hora arrancar estíbaliz programa especial paray;0;
eh bildu podar irabazi pedir gestión directo servicio limpieza;1;limpieza
eh bildu podar irabazi pedir ayuntamiento asumir gestión directo servicio limpieza;1;limpieza
aparcabicis estación autobús abrir junio;0;
autobús pao haber llegar atenas minutoyresultado;0;
ayuntamiento actualizar plan prevención riesgo laboral;0;
ayuntamiento ampliar colaboración gobierno vasco formación parar empleo parar obtener certificado;0;
ayuntamiento aprobar plan dar cobertura urbanístico proyecto smartencity barrio coronación;0;
ayuntamiento vitoria negar retraso obra centro cívico zabalgana;1;administración pública
ayuntamiento desmentir haber financiar publicación vestimentes;0;
ayuntamiento deya haber publicar programa semana bici comenzar mayo;0;
ayuntamiento haber retirado subvención parar libro comparar velo pantalón ancho camuflaje;0;
ayuntamiento impulsar colocación nueva luminaria led permitir ahorrar año;0;
ayuntamiento limpia jardín paseo estrasburgo tras denuncia gasteiz hoy;0;
ayuntamiento llama ciudadanía donar sangre escasez reserva actual;0;
ayuntamiento subvencionar libro asociar velo acto rebeldía;0;
ayuntamiento vitoriagasteiz actualizar plan prevención riesgo laboral;0;
ayuntamiento vitoriagasteiz ampliar colaboración gobierno vasco formación parar empleo;0;
ayuntamiento vitoriagasteiz llama ciudadanía donar sangre escasez reserva actual;0;
capitalismo viajar contenedor;0;
ciclista delha ser último etapa winnerswearkalas;0;
ciclista yohann offredo herido unir agresión mientras entrenar;0;
conductor bus conducir bien mal;1;movilidad
contenedor gris basura calle florido estropear palanca parar abrir pie haber roto;1;limpieza
culmen robo;0;
curling volver vitoriagasteiz;0;
curling volver vitoriagasteiz torneo sanprudencio;0;
curling volver torneo sanprudencio;0;
mayo alacalle vitoriagasteiz exigir empleo estable derecho salario justo;0;
mayo eeuu celebrar convocatoria día inmigrante;0;
demayo madrid levantar napoleón junio ir vitoria expulsándolos definitiv;0;
día morir gernika ataque concentrado haber ser gran éxito;0;
día aprender escribir bien ir bici débil;0;
domingo jugar partido entrar baskonia joventut cuál ir primer equipo vitoria jugar penya;0;
dr eduard vieta clausura unir gran jornada curso investigación clínica deen vitoriagast;0;
exceso información ser problema grave ser dejarse aplastar informacion;0;
festival poeta mayo regresar v edición;0;
gabinete urtaran impulsar colocación nueva luminaria led permitir lograr ahorro;0;
gobierno municipal aprobar convenio slow food arar parar fomentar consumo producto local n;0;
gobierno municipal vitoriagasteiz aprobar convenio slow food arar x fomentar consumo producto local;0;
gobierno urtaran aprobar plan dar cobertura urbanístico proyecto smartencity barrio coronación;0;
instinto almacenar común córvido altamente desarrollado urraca cienciaciudadanavg;0;
jueves mayo querer escuchar entu sentir tras desastre viñedo envíanos contac;0;
lugar d copa imprescindible gasteiz;0;
madrid necesitar entrenador verdad problema ser fichar jugador hacer cama;0;
manager general sixers ayer vitoria;0;
mayo poder probar runner cardiomusic deademás malla corta pantorrilleras decompresión;0;
mayor problema crear dolor físico poder contener emocional cosa funcionar así;0;
miércoles día visita escenario della artistaxii ciclo grande concierto;0;
munuera tener unir manía puto payasoque asco arbitros tan penoso pitandoy puto paro;0;
museoestá celebración felicidad año trayectoria;0;
olor pescado podrir seguir sansomendi pesar empresa cumplir;1;limpieza
olor tormenta si poder enfrascar pagar tenerlo;0;
olor obsesión;0;
parking autocaravanas portal foronda queda pequeño;1;movilidad
pp corrupción leer deja leer convertir vestimentes denlibrodeladiscordia gasteiz;0;
primer precedente oficial joventut ir club natación vitoria fase final copa;0;
primero nuevo autobús tuvisa presentar nueva imagen;0;
problema futuro ser ser;0;
problema ser creerse barsa betis ser;0;
problema ser falta conocimiento límite planeta seguir cr;0;
problema ser cada año ir metro alguno fiasco merma sobra dinero;0;
problema ser dala decir extender idea ir instituto;0;
problema ser padre haber roto unir promesa importante prometer dejar presionarme estudio parar agobiar;0;
problema ser saber cuánto cobrar;0;
problema ser si limitar precio parar dartelo regalar dueño alquilar pun;0;
problema ser ficción comer educación parar asimilar ficción ponerla plano corresponder comer;0;
problema señalar además ser aun llamativo zona rm mayor riesgo quedars;0;
problema ver ser parecer animación d estancar nadie parecer querer experimentar;0;
próximo viernes abril fiestassanprudencio enos invitar subir armentia;0;
ruido motoor canción radioooooo;0;
ruido hacer producir escalofrío;0;
sábado durango joyita perplejo ilmaquinario teatro descuento parar alumno equipo;0;
semáforo calle olaguibel cruzar calle fuero encuentro absolutamente innecesario tras;1;movilidad
servicio autobús entrar vitoria aeropuerto foronda tener precio partir mayo;0;
tiempo d vitoria nunca ir comprender;0;
tranvía ser transporte alta capacidad contaminante mejorar calidad vida vecindario decir;1;movilidad
umbral utilizar comer ocurrir renta poder tener grande efecto cambio radical haber tres cuatro factor;0;
eldiario disponible;0;
haber vivir calle aplicate conocer casosy cierto ser sno;0;
elperdió contramenudo robo pesimoarbitraje;0;
eltendrá campus verano salvatierra agurain ser primer campus lejos gasteiz;0;
empezar ruidoviernes mayogaztetxe errekaleor vitoriagasteiz presentación;0;
empujar espíritu aquí envíame;0;
asteguieta haber unir huerta ilegal lado río zadorra regar verdura agua;1;administración pública
autobús alsa normal entrar pierna razón parar viajar viaje madrid;0;
dibujo artístico selectividad sacar ser unir basura luego carrera nunca haber bajar ocho asignatura dibujo;0;
artium gasteizen homenaje juanjo menala culturala músicala armonía mejor ingrediente litro;0;
buesa arena baskonia sumar victoria encajar derrota lejos vitoriagasteiz triunfosy derrota comer visitante;0;
trazado tranvía ser talar árbol;1;movilidad
peli dejar tirar cosa cielo niñera viejo banquero cometasluego si basura espacial;0;
dos jugador tener arma principal problema recibir ahi lian par;0;
fiesta vitoria parar traer cantante ayuntamiento tener gusto culo;1;administración pública
gymnasios vampm vitoria clase defensa personal femeninaque llorar;0;
gymnasios vampm vitoria gasteiz alava c andaluciabajo tener lugar primer open class femen;0;
acera frente clase crear olor colonia ser;0;
calle cadena eleta solo haber dos contenedor ir cambiar diariamente tal forma baja;1;limpieza
calle gabriel celaya altura portal haber unir baldosa peligroso encontrar señalizar;1;espacio público
calle mar tirreno sólo haber paso peatón comienzo fin mismo convenir colocar tercero int;0;
calle ir mirar siempre parar atrás poner seguir gente ver nadieestos twitter mentar;0;
confluencia callar castillo toro castillo bernedo haber dos farola tulipa punto c;0;
esquina calle telesforo aranzadi calle plaza barandiaran junto contenedor calza;0;
ciudad alrededor gasteiz si haber sauna tipo capital gastronómico;0;
partido llegar final opción pesar robo cada pie siempre;0;
opinión desafortunado modelo aparcabicis tirar bici ser doblar llanta decir;1;movilidad
minuto comenzar unir genial visita ciudad vitoriagasteiz pintada colaborativamente pierd;0;
ptal betoño frente moblar tuco haber sumidero acera tapa avisar enero;1;espacio público
tan solo hora tener lugar retreta dar comienzo fiesta honor sanprudencio vitoria;0;
vez cortar problema raíz buscar solución ir solucinar si enseñar;0;
vitoria consulta público previo revisión parcial plan general ordernación urbano armenti;0;
vitoria fiesta sanprudencio aprovechar descubrir hermoso localidad;0;
vitoria mayo sesión explicativo modificación pgou suelo urbanizable industrial;0;
vitoria viernes mayo terminar plazo inscripción plan integral apoyo emprendimiento;0;
vitoria horario autobús parar partido baskoniadivina seguro juventut día hora;0;
vitoria identidad cultural convivencia mesa redonda moderado amelia barquín cc salburua;0;
vitoria refuerzo tuvisa parar acudir derby eibar tarde;0;
vitoria dejo huella recuerdo sacar pistola;0;
vitoria tener agua nieve sol frío calor helada;0;
vitoriagasteis esperar brazo abrir parar vengar vernos día puente mayo;0;
vitoriagasteiz casi fiesta disfrutar serviciosdelimpiezavitoria alava;0;
vitoriagasteiz poder seguirla streaming sede podar c manuel iradier acudir particip;0;
vitoriagasteiz esperar parar conocer ciudad cualquiera visita programar mes mayo;0;
encajar celtics indiano pedir ronda boston celtics ser c;0;
encomendar misión hoy nossa senhora virgen blancadiosdelantevitoria spain;0;
enhay kedadas habitual parar silenciar víaa ver si pu;0;
enklabe escanear casco viejo gasteiz;0;
entonces ser problema;0;
entonces deber cambiar conocimiento basicos biologia bus poner;0;
entrar enero abril denuncia policial caca perro vitoria;0;
entrega medalla álava juanjo mena artiumbiblioteca in vitoriagasteiz;0;
entrevista ahora concejal medio ambiente;0;
enviar recibir emails forma seguro;0;
eoncult decir nomaltrato toleranciacerointerculturaviolencia;0;
reciclaje unir ensalada freír llevar lechuga tomate queso fresco atún;0;
erar manipulacion personatu otegui justificar asesinato dar asco;0;
ertzaina turno buesa seguridad resto vitoria baskonia;1;administración pública
ser extrañar contar reino salgar jamar bbva suspender calcular;0;
ser all star alemania muygrande;0;
ser día primero vez dos año llevar bici carretera ir salir ir correr dar miedo;1;movilidad
ser horrible genialel ataque tomate asesino;0;
ser q tener conversación caso encimar unir bici estática mien;0;
ser grande eeuu ve cómo ser realmente gran isla basura pacífico;0;
ser problema físico llegar tarde nota demasiado;0;
ser tener ver bus nihongo ser comer puto decir japonés japón jfc do ur research kiddo;0;
ser terrible mujer tener soportar nivel violencia dar nomaltrato toleranciacero;0;
mierda fondo ser júndiz sobra mazo asco humano;0;
poesía q calla decir poesía calle q seguir norma supuestamente correctofrases;0;
escándalo lilian tintori simular ataque gas lacrimógeno parar grabar cámara;0;
escribir texto corto corto corto corto participar nueva edición concurso nanorrelatos parar joven;0;
escribir respecto velador barrio salburua concretamente café viena situado calle viena;0;
escrito rick green traducir dra elena díaz guereñu texto original inglés ir;0;
escuchar beneficio rosa parar salud enlo poder escuchar directo;0;
tweet haber quedar enviar ir ver venir jeje congrats;0;
ser compatible núcleo duro fichar haber q fichar siemprepero reinventarse ser problema anual;0;
ser deno joder jjajajaj sino puto mieddo ser fan vivir calle;0;
ir organizarlo ahora solo tener papelera lol mas;0;
ser falta ataque harden;0;
espacio público mobiliario urbano hacer minuto;0;
esperanza aguirre haber dimitir haber imputar juzgado judicialmente limpia salvo carril bus;0;
esperar equipo ser ver litro realidad metro parecer milagro meterse playoff;0;
esperar castigo consistir bus parar resta temporada xd;0;
esque si quedo encerrar ascensor entrar tal ataque risa poder vida ver dani comer reír eh;0;
caer aguanieve hacer tres día camiseta manga corta bermudas c vitoriagasteiz decir;0;
mañana nieve abril vitoria video;0;
pasar gasteiz telegram;0;
euskal herria unir visitilla gasteiz mal;0;
sangría continuo;0;
tarde retreta sanprudencio tamborrada mañana romería armentia lunes fiesta estibaliz;0;
abril momento haber caído unir gota agua ser raro vitoria;0;
decir cuerda tranvía deber haberse quedar lovaina;1;movilidad
año haber volver colocar mismo sitio torcido seguir ser problema riesgo parar ciclist;1;espacio público
adiestramiento deparar prevenir volver casa;0;
ser librodeladiscordia molestar pp gasteiz;0;
jueves cambiar horaescenarionos ir cona callesan prudencio toma;0;
cantar venir vitoriacanción bonito;0;
viernes ser fiesta aquí vitoria gasteiz santo prudencio así igual salgar grabar preparar montaje día;0;
estimar representante ayuntamientoen frente declaración rio haber unir farola falta espejo;1;espacio público
ser inaguantable robo mano armada hacer;0;
ser q hacer darussafaca kuzminskas ejemplo;0;
arbitraje generar violencia;0;
gato nuevo pichi abetxukojajajaja litro vitoria entender pongobuen descanso gentehasta mañana;1;delincuencia
jardín salburua unir acumulación suciedad;1;limpieza
supuestamente asesino pablo chaval malagueño muerto mediar unir pelea medio calla;0;
to solo gasteiz haber quedar siete así si alguien to solo vengar;0;
ver celticswashington ayer repente encuentro benito floro;0;
ver enfrentar marquesina antonio amatz haber pintado letra parada bus querer saber;0;
euskadi ayuntamiento barakaldo busca complicidad ciudadano parar acabar acto incívicos afectar;0;
euskadi bilbao acoger mayo ix edición eco rallye vasco navarro vehículo respetuoso;0;
euskadi bizkaia comenzar campaña renta presentar declaración;0;
euskadi calcinar tres nuevo contenedor calle zorrozgoiti bilbao;0;
euskadi comenzar campaña renta bizkaia presentar total declaración;0;
euskadi compañía vasco llevar distrito bilbao mayor circuito euskadi arte calle;0;
euskadi detenido menor vitoria intento homicidio tras agredir joven cuchillo;1;delincuencia
euskadi autobús conectar vitoria foronda costar euro únicamente poder ser utilizar viajero;0;
euskadi comité limpieza impacto convocar paro hora accidente morir trabajador;0;
euskadi delegado gobierno euskadi crear eta haber entregar mitad arsenal robo;0;
euskadi iván ferreiro visitar vitoria mayo nuevo trabajo casa;0;
euskadi oposición presionar urtaran parar unir empresa público limpiar vitoria;1;limpieza
euskadi residencia foral persona mayor txagorritxu vitoria celebrar centenario unir residente;0;
euskadi junta general bizkaia renovar unanimidad pacto ciudadano violencia machista;0;
euskadi osakidetza poner marcha nuevo servicio rehabilitación lakuabizkarra vitoria;0;
euskadi partido reclamar madrid vitoria respaldar dinero ess bilbao;0;
evdia jn borrar escaso vocabulario repartir entrar cincar mil;0;
evdia jn dónde enconcontraré alimento perdurar saciar llena sentido vida hoy;0;
evdia jn dar espíritu medida palabra ser palabra reino construir reino evdia;0;
evdia jn signo mismo erar signo evdia;0;
evdia mt vivir comer estilo manso humilde corazón quita carga romper yugo;0;
exactola ruta sera coloniavitoria sevilla;0;
exigir conela gestión directo servicio limpieza ahorrar coste;1;limpieza
experiencia revolución mariposa parar combatir violencia patriarcal mediante artivismo;0;
expoliar ártico comer unir propiedad privar solucionar problema contaminac;0;
exposición dekocina distribuidormueblescocina vitoria gasteizalava;0;
exposicion foto olear fotografia alava gasteiz vitoria amigo geroarte arte;0;
facebook permitir cabecera página empresa ser vídeo;0;
fallecer scarponi mientras entrenar;0;
falso virus windows antivirus poder dejarte pc;0;
falta falta falta falta robo;0;
feasts of the pattern of álava santo prudencio basque country northern spain hoy vitoriagasteiz fiesta;0;
feliz día santo prudencio patrón álava felicidad alavés alavés sanprudencio álava;0;
feliz día internacional danzadavideyrazuphotographyvitoria spain;0;
feliz puente alavés disfrutar día festivo tan especial sanprudencio estibaliz patrón;0;
feliz víspera sanprudencio lluvia aguar fiesta hacer frío;0;
feria creativo manualidad devitoriagasteiz;0;
fiesta álava;0;
fin limbo insidevitoriagasteiz pais vasco spain;0;
firmar acabar arribar comer ahora descanso seguir dominio rebote pasar delante parar ataque ruso arribar x inicial;0;
flipariais si leer tráfico ilegal animal;0;
franco unasco ser homenaje dictador golpista asesino comer si alemania italia hubie;0;
futsal robo joshua gool rotossanpru;0;
gallo salsa holandés hoy martes anemia cuenta cómo elaborar receta pescadola poder escuchar;0;
gana fiesta hoy arrancar fiesta abetxuko;0;
gasteiz homenajear tarde poeta gloria fuerte;0;
gasteiz homenajear martes poeta gloria fuerte;0;
gasteiz irekia ahí hora correo derecho persona migrante refugiar;0;
gasteiz on crecer servicio asociado vitoriagasteiz;0;
gasteiz on asoc propietario urbano firmar convenio desarrolo actividad interés colaboraci;0;
gasteiz tuvisaren autobus berrietako batek dagoeneko irudi berria du;0;
gasteizko historia vitoria leyenda milagro santo prudencio;0;
gato atropellar gasolinera onaindia zona arriaga vitoriabuscamos alimentador zona si pudi;1;espacio público
gautxori horario recorrer;0;
gernika hoy jornada diverso repiteesta europa cumplir ley d asilo gasteiz ser cuidar;0;
gmail drive truco parar aprovechar máximo google;0;
gobert bici bargnani xd;0;
google maps dónde haber aparcar coche;0;
gracia javi enhorabuena t;0;
gracia aportación seguir curso sugerencia buzón ciudadano;0;
graciasa ver si saco tiempo echar vistazo saludo vitoriagasteiz;0;
graciaspor dejarme tirado calle vez ir curso;0;
gráfico informe evaluación plan movilidad sostenible espacio público;0;
gran noche ayer señorvitoria spain;0;
gran renta ser economía;0;
grandísimo invento noademás grabado vitoriagasteiz;0;
great video and song only days for see you atvitoriagasteiz rock;0;
green capital zorro morir cepo ilegal instalar unir huerta vitoriagasteiz vía;1;delincuencia
grupo ronda calle bcampos harrikada kirolaraba spcc;0;
grupo ronda calle bmutilak león donosti spcc;0;
grupo ronda calle bnew houses harrikada lacturale spcc;0;
grupo b ronda calle bmamemimo dragons spcc;0;
grupo b ronda calle bmoxó crianza spcc;0;
grupo b ronda calle bneskak divi spcc;0;
grupo ronda calle b harrikadajoven spcc;0;
grupo ronda calle bdiví new houses spcc;0;
grupo ronda calle bmoxó harrikada spcc;0;
guía casting perfecto parar buscar compañero piso;0;
gymnasios vampm vitoria alava información;0;
hora buesa arena punto parar gran noche bueno baloncesto demostrar carácter;0;
haber ser decir saber q bts nominar bbmas haber dicho calle lmao;0;
haber puesto pie polvoroso cambiar retreta chancleta huir frío sanprudencio tropical;0;
hablar marian izagirre portavoz dedel accidente dejar región devastar;0;
haber ayuda parar cambiar ventana barrio vitoria;0;
haber ayuda parar cambiar ventana barrio vitoria vitoriagasteiz;0;
hacer año día mercado gernika ruido motor alto nube gris;0;
hacer falta ser basura cobarde parar hacer asi ascoasko faxistakkanpora;0;
hacer tiempo vengar observar canaleta recoger agua situar frente cc d;1;espacio público
hacer falta donación sangre vitoria;1;administración pública
hacer deporte alto rendimiento mata;0;
hagámoslo bonito sucio;0;
hagamoslo bonito sucio comer busca dejar amor;0;
haber ser partido disputar entrar baskonia joventut vitoriagasteiz balance victoria loc;0;
harto violencia fútbol deporte rivalidad ser muchísimo menos tolerancia cero;0;
haber ser madre hacer celébralo ahora acercar diadelamadre beber;0;
haber tener frío noche ser lógico;0;
haber tener accidente bien ser importante rellenar parte amistoso ser fácil si;0;
haber tratado incautar pasa nudes novio haber calificar basura q difundir todavia;0;
;0;
haber dos tío vitoria parecer;0;
haber local gasteiz tener noseque incontestable carisma personalidad local referencia;0;
haber novedad haber deber cazar herri norte enseñarles ser karma alegro xq;0;
haber posible escenario empresa limpieza seguir contrato licitar nuevo ayto asumir gestión directo;1;limpieza
haber puesto catar repetir escuchar tó asco pa;0;
haber votar porpara mvpmovistar;0;
haber volver oír kalimotxo invento bilbao comer hacer año mili vitoria beber cocacola vino;0;
haber barrido lararuizconde harrikada curling spccpista hielo vitoria;0;
hermanamiento peña previo derby noche vitoria alaveseibar eibarfans;0;
hermoso armonía pararse pensar q poder aportar hacer grande frasesvitoria;0;
highlights baskonia vitoria gasteiz cska moscow game;0;
historia santo prudencioquién ir santo prudenciovitoriagasteiz;0;
hola todcon tres inscripción completar gruposi podar compartir infodaniarriphoto;0;
hola haber alguno problema parar registrarse google hire unir cuenta google existente gracia;0;
hola ser carlitos encantar conocertefui rescatar calle absceso unir infección importante;0;
holame recordar vez horitas entrar rodilla autobús ser alsa;1;movilidad
holami problema residir mañana conducir calle luis heintz dirección pla;1;movilidad
holaquería informar contenedor gris esquina calle hortaleza anglovasco aparecer;1;limpieza
homilía señor estíbaliz;0;
hora media supercanasta enbaskonia fichaje euroliga liga endesa araberri esperar;0;
horario web tener autobús parar subir uni ocho media autobús lol;1;movilidad
hostelería ayuda ayuntamiento vitoriagasteizlas inversión realizar acreditar mediante factura debidamente emitir litro;0;
hostia felicidad vitoria voz lacon permiso;0;
hoy comenzar inscripción parar bachillerato;0;
hoy comer día haber volver tener problema valentín foronda parque infantil;1;espacio público
hoy txistularis atabalaris gasteiz fiesta abetxuko cuant amig haber volver ver;0;
hoy día mayo resto sala biblioteca cerrada excepto sala estudio salburua pilar;1;administración pública
hoy nublado día haber impedido poder disfrutar unir bonito mañana educacionambiental mirar foto;0;
hoy vitoria ser santo prudencio salar conforme acercar draft gana dar quedarme casa haber cumplir;0;
hoy ser mayo bueno día parar celebrar triunfosde principal equipo vitoria contundente;0;
hoy ser último día semana egun on egunon buenosdias vitoriagasteiz green;0;
hoy ser santo prudencio gasteiz tener honrar patrón así fiesta;0;
hoy hoscar vazquez presidente sáenz horecaen especial sanprudencio plaza n;0;
hoy gente haber sacandose taba entender dar asco;0;
hoy haber haber suerte tiempolluvia granizoviento frío haber acompañar mañana ciclistaaun así cuantosa rodar;0;
hoy haber programa mañana lunes estíbaliz larutaslow parayal;0;
hoy vez haber volver aprender agua actividad amvisa alumnado degracias;0;
hoy pillar billete parar f dar;0;
hoy ración extra baloncesto hora encony;0;
hoy santo prudencio vitoriagasteiz;0;
hoy ampliar hora horario cierre local hostelero pasar respetalas;0;
hoy servicio especial bus parar ir armentia vitoriagasteiz;0;
hoy obligatorio tampoco hacer gracia sanprudencio;0;
hoy tener unir cita poesía;0;
hoy tener tarde derbi mendigasteiz dar bienvenida aficionado guipuzcoano;0;
hoy toca ver killerkume meido ágora tope domingo negro tope ruido;0;
huir coche tras embestir ciclista vitoria;1;delincuencia
i encuentro voluntariado vasco vitoriagasteiz crónica dos representante;0;
i know soñar seaque aquí mike hacer volver bus;0;
ii edición feria creativo merkacity vitoriagasteiz mayo;0;
ii encuentro equipo pastoral juvenil granada abril;0;
il nostro lider maximo è;0;
im at bar restaurante ezaro in vitoriagasteiz;0;
im at cep salburua in vitoriagasteiz arabaalava;0;
im at tesorería general seguridad social in vitoriagasteiz;0;
implantación formación ciclista unabicimaslaciudaddelasbicis;0;
in memoriam x ls compañero agrupación tráfico q morir servir ciudadanodanosvalor;0;
inauguración piso asociación acogida etxea josu gasteiz;0;
increíble puto robo patético euroliga;0;
incremento defensa reducción cambio climático recortar sostenibilidad medio ambiente;0;
indignación vuelo lanzarotevitoria desviar loiu foronda cerrar;1;movilidad
inscripción abrir parar taller activación laboral;0;
intento homicidio vitoriadetenido menor vitoriagasteiz;1;delincuencia
iñaki prusilla participar apertura coloquio internacional elikadura futuro alimentación;0;
iquestdonde poder adquirir librosinformaciãn atenciãn ciudadanaotros informaciãn atenci;0;
prever alguno autobús urbano llegar zona jundiz oeste zona margarita f;1;movilidad
iquesty después mes haber tomar alguno decisión respecto cosa seguir igual indeterminaci;0;
jajaja nunca haber dicho ironman maratón ser saludable saludable ser darse;0;
jajaja ser glorioso ve problema;0;
jajajajaja verdad tener remedio penalti inventar parar barsa pitar dimar;0;
jajajajajajajajjaajajj problema tener hermano favorrrrrrr;0;
jajajjaaj haber buscar solución parar entrar rueda delantera vias tranvía página;0;
jajsjsjsjsjnsjsjsjsjshsjshhshshshshsbshjsjshsjjsjshquiero hijo parar ponerle gorro salir calle así;0;
jamás entender gritar tío calle ser irrespetuoso dejar mal mismo resto tío;0;
javi apoyar precursor violencia callejero venezuela;0;
jdr chacho asco dia llevar igual si acabar matar alguien;0;
jesús maestro violencia género derecho humano librería diocesano;0;
jjajajajaja pueblo cojón podemonguers mas mira pp dar;0;
joder puto asco;0;
joder pues si quito basura tele quedo;0;
joder teneis gana beber bus;0;
jojojo;0;
jornada mobile mapping topcon escuela universitario ingeniería vitoriagasteiz;0;
juan vindel si año erar especialista solo unir cosa tener problema;0;
jueves abril virgen blanco violencia generar;1;delincuencia
june ruiz fisioterapeuta vicepresidente cofpv osteopatía ser unir profesión reconocer;0;
junta gobierno;0;
junta general extraordinario amvisa;0;
just posted photoparque florido vitoria;0;
kireyestilistas demayo diadeltrabajo peluqueriayestetica vitoriagasteizkirey vitoria;0;
kireyestilistas makeup labial colorrosa vitoriagasteizkirey vitoria estilista;0;
kireyestilistas mayo peluqueriayestetica vitoriagasteizkirey vitoria estilista;0;
kireyestilistas rubiios brillo tratamiento sinamoniaco barro sinfiltroskirey vitoria;0;
kokotxas ajete yema esparragos ser receta anemia jueves enla poder escuchar;0;
ampliación tranvía sur dar servicio usuari favorecer multimodalidad trabajar;0;
avda huetos partir numerar adolecer papelera solicitar colocar alguno dicha zona;1;limpieza
ciencia confirmar poder tomarte cuarta taza café;0;
contrata schindler tener día abandonar gasteiz vitoriagasteiz;0;
deducción vivienda muerta;0;
ertzaintza detener vitoria menor apuñalar joven pecho;1;delincuencia
fiesta escuela público vasco celebrar junio gasteiz haber sacar camiseta unir bolsa parar venta;0;
fobia invisible;0;
fórmula parar unir fiesta acústicamente perfecto;0;
gente querer serio susana diaz comer secretario general psoe gente dar asco;0;
heterosexualidad ser normativa venir;0;
iluminación exterior catedral nueva encender mañana contaminación lumínico horar;1;espacio público
inasistencia monitor debiã unir falta entendimiento entrar ãsta empresa prestatario ser;0;
justicia hoy dia ser unir puta basura ser comer poner marioneta mando puta españa;0;
moda running vida sedentario ejercicio controlar cómo afectar;0;
nba haber convertir constante concurso triple warriors rockets cavs equipo asco dar ahora mismo;0;
palabra calle verso saber gloria osiaraba;0;
peli fairy tail estrenar querido ecuador aqui españa haber asco vida;0;
plataforma tranvía decir cuerda tranvía deber haberse quedar lovaina;1;movilidad
plaza abastos vitoriagasteiz solo brillar gastronomía arquitectura;0;
plaza virgen blanco acoger mañana homenaje gloria fuerte protagonizar centro mayor;0;
plaza virgen blanco vitoriagasteiz acoger mañana homenaje gloria fuerte centro mayor;0;
poesía salar calle mes mayo;0;
policía local atender accidentar tráfico herido;0;
policía local hallar tres arma blanco vehículo conductor prestar ayuda;1;delincuencia
policía localatiende accidentar tráfico herido;0;
precariedad enfermar mata ahora gasteiz movilización recortar salud seguridad laboral;0;
primavera haber llegar bici crochet ganchillo bici;0;
principal causa baja laboral lumbalgia mayor causa discapacidad daño cerebral;0;
retreta calentar tarde vitoria saber año ir primero vitoriagasteiz;0;
ruta ser coloniavitoriasevilla vuelta;0;
tertulia doblar figura copar vitoriamiércoles;0;
tertulia doblar figura deconymiércoles;0;
último campaña dgt hacer experimentar accidente unir gafar realidad virtual;0;
vecino haber dejar hacer ruido;0;
violencia engendrar violencia ay malo educación multiplicar proteger masa tv;0;
xvi semana bicicleta celebrar mayo junio;0;
lamentable verdad asco dar humanidad serio;0;
lanzar contenedor vitoria hombre acosar unir cliente bar;1;delincuencia
lapolicía local sorprender dos joven pintar ciclomotor robar;1;delincuencia
escuchar fondo decir despertar tío jajajajajaja ahora girar rotonda;0;
grande verdad trabajo autónomo;0;
nueva tendencia marketing digital protagonizar jornada tecnológico mayo;0;
oreo finar parecer idea absurdo mundo saber problema tener normal;0;
plataforma crowdfunding inmobiliario aterrizar españa;0;
lase dedicar proteger gente calle calle haber dejar unir familia hoy mismo;0;
dar palabra mirada mal bien ver verdad frasesconciencia psicología;0;
leer ahí ser unir compañía ruma;0;
liberar espacio móvil ios android;0;
llegar fiesta abetxuko;0;
llorente jugar puta madre decir vivo vitoria suelo ir ala estadio;0;
llover mar importar seguir ser unir ciudad preciosavitoria virgenblanca;0;
chico tranvía murcia ser romántico;0;
arbitros ser ser malo problema ser saber propio reglamento;0;
hacer si dar tantísimo asco oír cómo crujir jurar poder pisar unir repelús metro;0;
q dar nadie poder quitártelo ser dilema lograr VERDADERO tesoro frasesmotivación;0;
lorelei green actuar viernes vitoriagasteiz;0;
antipazasco;0;
archivo perfectamente legal almacenar megaupload seguir atrapar cincar año después;0;
artista devisitas elven verles parar conocer mejor humor último año;0;
billete autobús foronda costar;0;
boronos ultraderecha cojón ser tan tonto malo problema ser ser imbeciles verd;0;
cliente preferir calidad cantidad unir hora viaje poder sentarme culpa página;1;movilidad
comerciante gorbea volcar semana madre;0;
dirigente cargo político podar parecer vivir universo paralelo ajeno votar;0;
grupo defender soterrar tren vitoria lograr acuerdo;0;
grupo defender soterrar tren vitoria lograr acuerdo vitoriagasteiz;0;
habitante vitoriagasteiz generar grande cantidad basura largo año;0;
hombre saber ser sentirte unir mierda unir basura hacer x cosa ser juzgar tachar puta zorro;0;
negrito planta reciclaje osita tizón ilun cuidador lua camada haber ayuda;0;
republicano planear lanzar madre bomba internet;0;
servicio aumentar aumentar tráfico foronda;0;
servicio aumentar aumentar tráfico escucha aquí entrevista director aeropuerto;0;
servicio aeropuerto aumentar aumentar tráfico foronda decir director aeropuerto;0;
lucir necesario bicireflectante catadióptrico trasero color rojoluz posición blanco delanteraluz d;1;movilidad
ma anche;0;
madre mia ruido ser inaguantable;1;espacio público
madrid barcelona gasteiz;0;
mañana abril visibilidad lesbica gasteizconcentración hora virgen blanco;0;
mañana mayo alacalle salir virgen blanco vitoriagasteiz esperar;0;
mañana directo desdeentre hablar pan gente;0;
mañana hablar seguridad infantil coche;0;
mañana tener lugar segunda jornada abrir mundo dentro programación hogar verde;0;
bueno noticia comercio vitoriagasteiz gozar salud excelente recuperar nivel tras durar conse;0;
vale unir verdad duela unir mentira ilusionevitoriagasteiz pais vasco spain;0;
masivo adj perteneciente relativo masa humanar hecho emigración masivo ataque masivo manifestación masivo;0;
acabar enterar avión bombardear gernika salir aquí gasteiz;0;
asomo ventana ser chico tranvía;0;
comentar partido seguir casemiro deber irse calle;0;
dar mañana ir terminar endo clase bici ir quedar dormida;0;
encantar chico beinesports frío polar vitoria decir crear polo norte alaveseibar;0;
enseñar amor parar ver musa hacer falta ser poeta pintor;0;
gustar vitoriagasteiz disponible échale ojo aquí;0;
gustaria poder contactar privar tener problema tarjeta nueva prepagogracias;0;
gustar saber cuándo tener pensar multar unir vez ciclista saltar semáforo circular;1;delincuencia
haber dado ataque pánico tutoría tfg final haber entrar haber dado plantón tutor;0;
haber dado pequeño ataque corazón señor;0;
haber gustar vídeo;0;
parecer unir verguenza cortar hierba barrio extrarradio hacer dar pena ver página;1;limpieza
parecer curioso ausencia tráfico zona señal concentrar;1;movilidad
quitar quedar sock;0;
sentar orgulloso cómo gestionar diversidad cultural ciudadanía vitoria;0;
mejor i próximo declaración renta marca dos casilla solidario asignación tributario;0;
mendizorrotza esperar león parapasarnos bueno día babazorros ágora bilbo ágora arar vitoriagas;0;
mensaje día internacional danza trisha brown via;0;
menudo oportunidad perder mil persona vitoria disfrutar;0;
menudo nubarrón acechar;0;
alcalde gasteiz entero ahora;0;
flor preciar;0;
ratona miratona miprincesa sophieteamovitoria spain;0;
teléfono decir ahora mismo jarrear gasteiz cómo engañar;0;
total apoyo solidaridad parar itziarituño vomitivo ataque sufrir parte fascista;0;
último compra jordan trainer unir multiuso perfecto parar ir gimnasio parar calzar calle gran;0;
vida clase calle casa lado;0;
miedo preguntar x tema d sexotranquilconoce servicio municipal d terapia asesoramiento sexual;1;administración pública
mientras fútbol ir bien quitar fútbol ver comer gente salar calle;0;
mientras tener aceite palma;0;
miki mamón llevar jueves the pililos boca hoy haber ca;0;
mil graciaspor recibirnos programa haber encantar;0;
mira poder hablar comer dar igual general hablar bien poder comer ser problema tener hambre;0;
mira si ser sencillo si venir vitoria prefie;0;
tweets gustar solo retweets rt dar asco;0;
miss caffeinaoh sanar iván ferreiro lyric video;0;
mmm jazzplay bluesintheclosetvitoria jazz festival;0;
gracia;0;
daño exterior ser problema anotar facilidad ventaja;0;
mono habitar begoña martin treviño raul camino;0;
mugako festival octubre vitoriagasteiz croatian amor kassem mosse lucy paular temple;0;
munipas registrar coche calle iliada;0;
necesitar bueno tiempo tenerife gasteiz;0;
nevar vitoria;0;
nevar vitoria gasteizhrs gramo;0;
nevar víspera santo prudencio abril siberiagasteiz nunca defraudar;0;
messi cristiano barça madrid tráete copa gasteiz glorioso;0;
messi cristiano barça madrid tráete copa gasteiz glorioso finalgloriosa;0;
xenofobia amenaza violencia miedosí humanidad parar huir terror;0;
dormir nunca tampoco plan ninja hecho hacer ruido;0;
ser falta ataque;0;
ser normal tener mas frío cama calle si ir hacer puto;0;
hacer puta gracia haber ser robo manifiesto listillo;0;
haber solo problema haber oferta parar público formato práctico;0;
hacer ir ver denuncia ojalar quedar respiracion puta rata;0;
hecho culpa parar haber pasado cosa así claro si ir acosador haber;0;
llevar casco bien abrochar aumentar posibilidad perder provocar grave accidente;0;
haber contestar preferir pagar si venir vitoria;0;
joder ve ciclista hacer movimiento;0;
podar dar asco;0;
haber dibujar atasco xddd;0;
especie ser ir acercarme parar averiguarlo bicho dar asco;0;
si tener salir cara calle;0;
soportar animación d basura animacion d arteson dos forma animar diferente joder aprender ver lado bonito ambos;0;
ver problema información independiente;0;
jugar gasteiz perder pena;0;
norte taurinovitoriagasteiz pais vasco spain;0;
acompañar enalberto lópez director general debegoña vázquez;0;
dar valoración personal vermutería;0;
haber quitar grande ciclismo enorme persona ciclista compañero descansar paz scarpa;0;
nota informativo concierto john garcia jimmy jazz gasteiz viernes ser acústico ser banda;0;
noticia albertovitoria disponible;0;
nowplaying retreta santo prudencio by gasteizko tanborrada;0;
nowplaying salgar calle bonus track boikot;0;
nowplaying narcos introversión beso escorpión;0;
tender vitoriagasteiz comer ve anuncio puest;0;
empeño ser absoluto proyecto seguir adelantar ser;0;
nueva foto instagramempieza dia unir sonrisa tresporlomenos always love vitoria igersvitoria;0;
nueva foto instagramtodo ser posible tresporlomenos always love vitoria igersvitoriainstapic ins;0;
nueva recomendaciónimpuesto vehículo tracción mecánica bonificación vehículo clásico;0;
nueva medida facebook parar evitar apropiar contenido;0;
nuevo look scola pa pasar desapercibido vitoria;0;
nuevo post blog ataria proyecto aqua;0;
número ganador lote sortear;0;
nunca faltar trabajo parar trabajador pan parar vagoproverbio vasco frasesvitoria gasteiz;0;
nunca definir pasado sólo ir unir lección unir sentencia vida;0;
ñam;0;
obstáculo nivel rojo n pk vitoriagasteiz dgtaraba dgt;1;movilidad
ocupación carril derecho c júndiz sentido zurrupitieta;1;movilidad
ocupación carril derecho plaza lovaina sancho sabio;1;movilidad
ocupación carril c arriurdina c júndiz c basaldea;1;movilidad
ocupación carril c herreria;1;movilidad
ocupación carril izquierdo c rey católico;1;movilidad
ocupación carril izquierdo c toni morrison;1;movilidad
ocupación carril izquierdo esquina c santo antonio c florido;1;movilidad
ocupación carril cruzar c júndiz c arriurdina;1;movilidad
ocupación carril izquierdo c alto armentia entrar rotonda antonia c iruña veleia;1;movilidad
ocupación puntual carril c beato tomás zumárraga corte carril bici;1;movilidad
ocupación carril alternativamente c florido;1;movilidad
odio absoluto eterno persona tener acera enterar poner caminar carril bici;1;movilidad
odio olor lluvia suelo caliente;0;
odio tráfico;1;movilidad
oieretxera contigo oiertxo enética justicia haber término medio gasteiz;0;
ojalá ir sólo vitoria;0;
ojalar podrir carcel puta rata;0;
olear lista etarra salón basura ahora estagracias;0;
olor humo palacio europa madrugada;0;
olor humo palacio europa madrugada vitoriagasteiz;1;espacio público
operar servicio autobús entrar vitoria aeropuerto mayo precio;0;
orbeagf apenar día parar cerrar inscripcionestoda información entorno prueba;0;
organizanas past confiterosálavachocolatada ii;0;
dejar sencillo trucosdelimpieza parar acabar suciedad difícil;0;
oso ondo ser filosofía mejor ejemplo parar nuestrosas txikis ágora gasteiz aupa eibar;0;
imbécil mata mas violencia domesticar año eta historia;0;
robo cska ir;0;
robo mas talpero sabeis ir ser último todavía quedar playoffs liga madrid;0;
robo;0;
oyeesto hacer green;0;
parar vitoria andalucía;0;
parar precisamente ahí radicar proble;0;
parar funcionamiento mãs eficaz buzãn ciudadano estemedio ambiente sostenibilidadcontaminaci;1;administración pública
parar ver pronosticar tiempo parar etapa;0;
parcela herbar alta calle rio barrundia menos poder cortar perímetroespacio pãblico;0;
parecer ir pasar catarro hacer ruido final haber venir hombre mazo ahora ser tos dolor;0;
participar jornada marchanordica elburgo actividad parar familia cto álava;0;
pasadlo genial ahora cielo lucir mejor;0;
passivhaus querer saber ellomañana escuchar iñaki echeandia alfredo bengoa arquitecto venir;0;
patatal internacional vitoriagasteiz;0;
pelea bar mañana colocar ver si enterar unir vez;0;
pensar haber perdido twt talentosaen gaztetxe gasteiz mejor concie;0;
pequeño cambio hacer trabajo vida agradable;0;
cuál haber ser exactamente problema;0;
problema ser solo parecer xd;0;
haber pelea decidir;0;
asco toca ir escuela gtv aiudenme;0;
twitter hacer cosa gritar escribir chorrada referir ruido;0;
perretxico sanprudencio pintxos tapa vitoria gasteiz comer cenar salir;0;
pieter lossie haber hecho vídeo basura océano año vengar ir haber esperanza;0;
pizza croqueta croqueta pizza;0;
plaza agotar próximo curso edición;0;
plazo preinscripción academia municipal folklore mayo;0;
pleno municipal;0;
pobrecillos;0;
podar obligado ceder despacho parar senador tránsfuga dejar partido;0;
polémica vitoriagasteiz libro asociar uso velo rebeldía;0;
policía local tres herido accidentar tráfico;1;delincuencia
poner contenedor vida d;0;
favor dejar campo casa unir puñetero vezprimero aburrar según as;0;
fin vitoria;0;
calle desengaño mañana pasar alegría vezpor calle desengaño malegria emborrachar vasito jerez;0;
haber problema ir sitio poder gente preferir quedarse twitter;0;
gente dar importancia serie querer blanco igual haber dado reasons whyasco;0;
queda bien unir bolsa basura;0;
jugue rankeds principio ahora solo queda basura plata;0;
ir extraño;0;
supuesto;0;
votar bildu tener dar asco voto bildu;0;
porqué siempre ver gemelo calle teneis hacer video podeis ir saludarles darles abrazo video;0;
póster trabajo deen primero mes phytosudoe vitoriagastei;0;
precedente sd kas vitoriajoventut badalona sd kas juventud kalso sd kas;0;
predicción parar álava vitoria mañana bastante nublado poder llover probabilidad cuanto nort;0;
predicción parar álava vitoria mañana día revuelto viento segundo hacer ascender máxima tarde;0;
predicción parar álava vitoria mañana ir cambiar viento situarse noclaros nubeslloverá;0;
predicción parar álava vitoria mañana lluvia desaparecer temperatura máxima ascender haber haber;0;
predicción parar álava vitoria mañana remitir totalmente precipitación quedar día fresco nube;0;
preguntar comisión medio ambiente medida vigilancia si haber parar evitar barbaridad;1;limpieza
presentar queja ubicación máquina número parar ser atender oac sic centro civico;1;administración pública
presentaros programa formativo technology entrepreneurship program tep;0;
previo jornada ligaaurrerazierbena próximo fin semana aurrera vitoria disputar;0;
previsión informativo;0;
programa fiesta santo prudencio parar hoy armentia plaza provincia vitoriagastez;0;
programación curso deparar mayo vitoriagasteiz;0;
proponer consistorio regular paso vehículo carrilbus estación autobús cámara santo;1;administración pública
proponer parar luchar violencia género;0;
próximo wikedadas gasteiz wikiaprendicesetxebarri;0;
psoe ciudadano respaldar moción censura partido podrir todavía duda alguien mismo basura;0;
pudeis decir app usar parar ver traficar online;0;
poder otr ciudadan escoger unir calle esquina autopista preferencia plantarse;0;
poder mandar saludo nueva afición vitoria suerte obra next game;0;
poder solicitar unir beca parar universidad vasco verano ayto vitoriagasteiz;0;
pues aplícate cuento guapo haz campaña hábito saludable excesivo deporte página;0;
pues bueno visibilidad haber dado ser equivalente saque;0;
pues entonces problema crear urrutia haber ceder;0;
pues quejar entonces cobrar si;0;
pues parecer fin haber abrir gramo arrancar parar empezar foto local seguir;0;
pues principalmente problema parecer tema físico rodilla lumbalgia salir unir empezar;0;
pues asco;0;
pues prohibir regalo árbitro alaliga;0;
pues coche poder ir currar comer bus deja cerca;1;movilidad
pupila dilatar deleitar delatanvitoriagasteiz pais vasco spain;0;
puta mafia gobernar país cómplice asco verdad;0;
puto asco;0;
puto robo ser personal aquí moscu;0;
q arbitraje atraco robar siempre favor grande;0;
santo prudencio patrón alavés apodar santo meón vale necesario presencia nieve casi mayo vitoria;0;
asco;0;
asco dar raúl garcía;0;
asco dar david;0;
asco gente dar gana arrancarles cabeza parar poder volver tocar lol xd;0;
asco pavo odio gente comer solo querer satisfacerse si mismo solo pensar ell;0;
asco puto mundo;0;
asco semana menos mal partir jueves mejora;0;
asco tiempo asco día parar decepcionar triste;0;
asco olor lluvia;0;
asco serio animal así joder;0;
asco ser viajar bus;1;movilidad
asco españa sinceramente;0;
ascover páramose nota n cara inmenso q sony vago mentirosocínico facha camufladolávate boca parar hablar d ps;0;
ser chico tranvía tuitserio;0;
ser mentira mayoría españistan enseñar tener dia fregar pla;0;
espectacular forma orquídea ciudad conócelas;0;
gana tener salir vitoria fiiindeeee;0;
hacer pequeño casa vitoriagasteiz parar perder minuto;0;
haber cierto juego ballena azul;0;
haber nombre haber undiagnóstico;0;
importante sano ser jugar calle deporte verdad;0;
acabar dar unir hostia pared conjuntar ver pelea;0;
llamar bou seguro autobús haber hecho gracia;0;
mal paso videos abraham matear morir tener accidente abrahamers dentro año imaginar;0;
saber rata marguenda rata presidente;0;
tener entrada parar final copa semana tener oportunidad aquí;0;
puto asco dar baloncesto moderno táctica ser solo tirar triple;0;
puto asco país;0;
puto asco dar joder;0;
puto asco macho;0;
querer pelea;0;
tener hacer si haber ser sancionar unir infracción tráfico;1;movilidad
vida ser vida chispa encender fuego vitoriagasteiz pais vasco spain;0;
queee coñooohijo puta menudo asco comer elías sequieneresfinal;0;
querer unir gasteiz limpia cumplir condición trabajador urtaran debe decidir;1;limpieza
cumplir año hoy baloothecat cat gato instacat igersgasteizlakua vitoria;0;
acordar dedejan kotourovic temporero lujo llegar;0;
querer aprender ser unir casa passivhaus venir tarde enseñar;0;
querer conocer vitoriagasteiz aquí dar razón venir visitarnos sorprender;0;
querer dar parte comportamiento imprudente punible hablar teléfono móvil mientras conducir conducto;1;delincuencia
querer denunciar incumplimiento evidente continuar parte bar okendo respectar nivel;0;
querer saber si unir olla presión viejo poder echar contenedor gris haber pedir retirada enserar;0;
ración extra;0;
radio siberia femtómetro recomendar memorial bob marley organizar new kingstonvitoria parar jueves;0;
rechazar cerrar garoña gracia vitoria adiós;1;administración pública
reciclaje nivel profeliz demayo maiatzak;0;
reconocer tener problema infancia estudiar colegio origen fran;0;
recordar alrufino muñoz alcalde asesinar autobús alto gaintxurizketa etam;0;
recorridode etapa vitoriananclareslapueblatuyopobesmanzanoestabilloarmiñonlapueblaañastrotrebiñopto;0;
recorridode etapa b vitoriaasteguietaforondaapodakagopegizubizabalotxandiolandavitoria kms;0;
recorrer kilómetro carrera;0;
recordar hoy jugar elen buesaarena horario autobús parar acudir partido;0;
recordar jugar elen mendi horario autobús parar acudir partido;0;
recordar hoy juegaen buesaarena horario autobús parar acudir partido;0;
recuerdo puto asco;0;
red social arrasar después caer olvido;0;
reinventarseparece piropo ser problema título llegar comer núcleo duro mantener;0;
remember cultura vasco ágora project vitoria comer gustar ken zazpi;0;
repasar problema común sector marketing digital vitoriagasteiz;0;
reportaje santo prudencio campar armentia vitoriagasteiz;0;
repostamantes reasonswhy podar cerrar ojo volver baile;0;
retreta jon gasteiz ser retreta sanprudencio;0;
retretasanprudencio;0;
reutilizar ordenador ser vez eficiente energéticamente reciclarlo;0;
revivir tamborrada sanprudencio;0;
rincón vitoriagasteiz parar enmarcar;0;
robo madrid;0;
rs puta rata pega;0;
sábadolarunbata mayomanifestación gasteiz favor libertad presxs gravemente enfermxsh cen;0;
sabeis haber pasado tranvia ir alla parada hondura salir ibaiondo abetxuko;1;movilidad
saber abuelo parlanchín pueblo pues tener detrás bus;0;
saber hacer solo año poder subir tren estibaliz;0;
saborear q desear lograr ganar tener premio alto precio frasesconciencia;0;
saldra sección picaflor;0;
salimoshoy fotografía original metro vitoriagasteiz punto regreso;0;
salimoshoy fotografía original vitoria gasteiz álava arabapaís vasco euskadi españaca;0;
santo prudencio;0;
santo prudencio corazonista vitoria;0;
santo prudencio dar vitoriagasteiz temperatura mínima histórico abril;0;
santo prudenciovitoria spain;0;
sanprudencio unir lejos negocio tenernos enfrentar frasesvitoria gasteiz;0;
sanprudencio perder buscar ir seguro camino quizás destino frasesvitoria;0;
sanprudentxio haber llegadorecordaros delegación vitoria administración permanecer cerrada mañana ver martes;0;
sansomendi seguir sufrir olor pescado podrir;1;limpieza
saudade vitoria spain;0;
caido directo ser problema mio q alguien responder pls;0;
pelea puesto castillejo tener bueno minuto si ser titular cámbialo;0;
podria hacer unir organización basura servicio vergüenza trabajar sitio asi;1;limpieza
poder tener ojo bosque descúbrelo blog leer;0;
saber ahí fueratras ruidoen alguno otoñobajo éxtasis enjambrealguien esperar;0;
seguir producir timo vitoria haber acercar señor mañana calle go;1;delincuencia
señor periodista mañana tener miedo titular crónica comer ser robo;0;
ser haber llegar vitoriagasteiz hablar ciudad;0;
ser útil informar número máximo visitante grupoturismoservicios producto;1;administración pública
servicio especial autobús armentia sanprudencio;0;
si subir comer poder ser año cobre unir moto cc euro año;0;
si ahora parar policía tener problema medianogordo verdad xdd;0;
si ser discurso moderno siglo xxi luego discurso siglo xix;0;
caer copo nievevg tranquilo noche sólo hacer frío;0;
si atento amarillo deber tener problema suerte crack;0;
si ir álava día ir regresar interesar conocer previsionesde circulación tráfico;0;
si solo bn renta;0;
si haber aclarado puntualizar si problema;0;
si haber soportar vida ser ver comer hombre maltratar unir mujer dar igual si ser casa ó comer haber ver calle;0;
si pregunta ser parecer expulsión sergio ramo ejemplo tener objetar;0;
si hacer joder ser problema tener coche hacer año marca torpeza falta cuidado;0;
imagen accesibilidad dónde poner sistema voz siempre;0;
si contestar mensaje pelea;0;
si ser green vitoria campo fútbol centro ciudad ir partido coche;1;movilidad
si controlar ser amor ser violencia violenciadegenero;0;
si queda vitoria sanprudencio planazos esperar;0;
si concejal pega limpieza vitoria decir punto;1;administración pública
si contrato viaje conquiero ir autobús compañía unir subcontrata comer rubimar haber espacio;1;movilidad
siempre poder coger bus bilbao acercar;0;
significar desconfianza dar asco sexo comer;0;
seguir pintar plaza movilidad reducir pmr esperar movilidad transportar eãalizaciã;1;movilidad
embargo drogata colectivo molestar seguir linear problema creyente;0;
palabra sinceramente mundo ir dar cada vez asco stopchechenia;0;
siniestro total tocar mayo vitoria;0;
ser mayor basura mierda haber haber mundo dar asco escoria sinvergüenza;0;
ser unir competición corrupto adulterar sucio dar muchísimo asco arbitrajescerdos;0;
solicitar acondicionamiento parcela vaciar calle clara campoamor aunque ser plantar hierba d;0;
solicitar valorar poner bolardo protección entrada colegio marianistas koldo mitxelena página;1;espacio público
sólo dime cuándo decir dónde mirar junto mismo horizontevitoria spain;0;
sólo quedar dos día parar celebrar sanprudencio mira haber programar;0;
problema vendar modo FALSO solución frasesmotivación coachingpsicología citasvitoria;0;
sorprender varios delincuente vitoria conducción errático;1;delincuencia
sos voluntario maraton edp vitoria gasteiz maraton martin fizchic querer participar;0;
ser caer copitos invierno haber ir seguir vitoria;0;
soyfelizconpccomponentes ninguno compra haber tener ninguno problema resolver correctamente;0;
stban vitoria spain;0;
stroll jojoojojo asco coger;0;
pelea hoy prestashop gracia;0;
sonar tun tun trompeta ser retreta patrón feliz día santo prudencio alavesesas vitoria;0;
sonar tun tun llegar perretxico menú sanprudencio comer cenar vitoria gasteiz;0;
suspender mañana lanzamiento problema primero fase;0;
taldiacomohoy producir accidente nuclear central ucraniano chernóbil;0;
tambien suponer querer venir vitoria;0;
tamborrada vitoria;0;
sonreír modo defensa ser parte callar q pensar frase;0;
tarde vitoriacatedral maría inmaculado vitoria catedral nueva in vitoriagasteiz arabaalava;0;
tarjeton perdonar casemiro robo;0;
taxi vitoria;0;
tb presente abril zaragoza laciudaddelasbicisbicicleta bici bike;0;
tbt hacer año casi edición aproxy servidor generar unir fiesta diferente gast;0;
tdah ira frustrar yagobiado;0;
tdah pareja estrategia parar vencer obstáculo común;0;
gustar aprender manejar cámara foto vacación esperar junio julio;0;
hacer falta parar salir vía tranvía si rodar parecer pan;0;
mostrar mejor museo encontrar vitoriagasteiz edificio espectacular;0;
tener animar gasteiz nueva lucha ascenso ser grande hermanosanimo;0;
tener valle caer mayor asesino debajo unir cruz ser asco unir vergüenza;0;
tener cama lado escritorio renta;0;
tener mismo problema félix rodríguez fuente tener unir explicación;0;
tener problema capturador lgp litar ser imagen ir lag segundo ir fatal solución;0;
tener problema cosa diferente;0;
tener problema litro queda pequeñita mientras xl podar entrar dos así;0;
tercero tolosa abril berazubivamos quedar equipo goazenn;0;
tener millón euro obligar hijo coger bus;0;
tierra hostil llena gente escrúpulo disponer perder ganado escapo volver frase;0;
toca reflexionar campo libre ser mejorvitoria spain;0;
listo vitoria parar tarde dar comienzo celebración honor sanprudencio;0;
listo parar comenzar encuentro deyen sede deen gasteiz;0;
listo parar tamborrada caracol perretxicos alegría feliz sanprudencio vitoria gasteiz;0;
dulce menos balar benzema cristia;0;
portal edificio calle bremen abrir;0;
producto limpieza alcance aspirador barredora auxitec;0;
truco cortana asistente virtual windows;0;
tomar nota solicitud estudiar parar futuro sustitución farola calle concreto;0;
tomar q hacer olvidar vivir presente ser humilde salir locura gente corriente;0;
tras celebrar día libro leer entenemos mil volumen teatral parar mil unir noche litro;0;
tres detener robo unir empresa júndiz;1;delincuencia
triste verdad;0;
pareja imponer presencia della portavoz partido acabar ver problema;0;
ver problema niño enseñar luchar parar ganar ver;0;
tuvisa armentiako zerbitzu berezia sanprudentzio jaia dela medio;0;
tuvisa servicio especial armentia motivo festividad sanprudencio;0;
ueli steck morir accidente himalaya intentar unir nueva travesía everestlhotse;0;
ultimar tweet tuttoblue movimentoarturo;0;
año seguir apostar sostenibilidad medio ambientegreencapital greenworld;0;
bittermás cinzanoosasuna eta askatasunadsd gasteiz;0;
cachondeohan ser robo partidoshace añosbertomeu reconocer pito mal mismo crucey haber;0;
cepo ilegal atrapar zorro elorriaga;1;delincuencia
chaval unir cafetería pobre perro ser guarro deja dar asco andar menos murcia saber esuna cerda;0;
libro editar vitoriagasteiz comparar pantalón ancho palestino ropa camuflaje velo;0;
partido pelea interés expectación flaco favor deporte tenis;0;
tarde tiempo parar felicitar cumpleaños agran ciclista unir debilidad felicidad;0;
rato primosvitoria spain;0;
turismo bus chocar américa latinar;1;movilidad
video mejor momento bici favor bicicleta sonar f;0;
zorro morir cepo ilegal instalar unir huerta elorriaga vitoriagasteizvía;1;delincuencia
unir foto arbitros hoy tramabus favorrobobaskonia cskabsk;0;
unir maleta olvidar obligar desalojar estación autobús vitoriagasteiz;1;espacio público
unir marca coche paga plus empleado desplacer bici trabajo vía;0;
unir ratonera x peatonalizar unir calle;0;
unir vez asco organización;0;
upv conocimiento vitoria biblioteca universitycity gasteiz younger mind;0;
vale gracia jejeje saber vitoria;0;
vale resolver problema poder entrar;0;
ir ataque joder;0;
ir siempre haber creido problema piratería ser real acrecenta unir resistencia reinventar negocio;0;
ir volar ryanair foronda conocer horario precio autobús;0;
vaya ajetreo tener humedal perder noticiarioornitológico salburua semana;0;
vaya cabezadita green day;0;
vaya pedazo robo;0;
vaya puta basura final bueno aquí funcionar así sequieneresfinal;0;
vaya puto robo;0;
vaya robo delmadrid escandalo increiblee;0;
vaya robo bien;0;
venir recorrer almendra medieval vitoriagasteiz descubrir mural decorar pared histórico;0;
venir aa correr xv edp vitoriagasteiz maratón martín fiz próximo día;0;
ventana informativo biblioteca vitoriagasteiz celebramosdíasdelibro actividad mayo;0;
vente ruta cucurucho perretxico escotilla hoy prometer pintxos tapa vitoria gasteiz;0;
ver presidente laliga hablar equipo ser escandaloso seguir votar serqué asco pena liga;0;
vergüenza casemiro tener calle;0;
ve comer alegrar decir decir si;0;
vía twitter foxcoruna proponer mejorar seguridad peatón ciclista espejo cruzar portal fo;1;movilidad
viajar moverme sitio buscar punto q esencia mezclar dar grande frase;0;
victoria nacho mendoza cinturón superligeros parar vitoriagasteiz noticia;0;
vídeo nuevo reto adivinar película invitado especialesyqueda;0;
vídeo reportaje santo prudencio campar armentia vitoriagasteiz;0;
video supuesto ataque químico gobierno sirio propio habitante mayoría;0;
vídeo streaming facebook live periscope;0;
visita vitoria gasteiz ser green capital tener fiesta tortilla;0;
vitoria aprobar plan parar reforma energética coronación vitoriagasteiz;0;
vitoria comida amatxu manta sofá bueno libro mejor parar pasar puentemás;0;
vitoria ser alma fiesta;0;
vitoria haber pasado centro fisioterapia menos año;0;
vitoria organizar concurso foto selfie bici vitoriagasteiz;0;
vitoria pm sunset;0;
vitoria sortear seis piso alquiler cuatro propiedad casco viejo;0;
vitoriagasteiz;0;
vitoriagasteiz afección tráfico romería sanprudencio tráficovg;0;
vitoriagasteiz asir primero paso red europeo startup europe city network;0;
vitoriagasteiz convocar concurso cartel parar anunciar fiesta blanco;0;
vitoriagasteiz gabinete urtaran colocar nueva luminaria led ahorro año;0;
vitoriagasteiz gobierno urtaran aprobar plan dar cobertura urbanístico proyecto smartencity coronación;0;
vitoriagasteiz primero nuevo autobús tuvisa presentar nueva imagen;0;
vitoriagasteiz homenajear ayer bajo lluvia poeta gloria fuerte centenario nacimiento;0;
vitoriagasteiz iñaki prusilla participar apertura coloquio internacional elikadura alimentación;0;
vitoriagasteiz xvi semana bicicleta celebrar mayo junio;0;
vitoriagasteiz lainvestiga unir persona x usar cepo ilegal haber provocar muerte zorro;1;delincuencia
vitoriagasteiz nueva tendencia marketing digital protagonizar jornada tecnológico mayo;0;
vitoriagasteiz mejora plan ayuda parar rehabilitación nueva línea subvención;0;
vitoriagasteiz llena poesía enhablamos poetasenmayosíguelo aquí;0;
vivir vitoriagasteiz pais vasco spain;0;
vivienda usar reciclar imprimir d;0;
vivir aquí solo queda pensar q vino vitoria intentar desintoxicarse;0;
vivo casco viejo comer ayuntamiento llama casco medieval querer instalar fibra optica;1;administración pública
vodka niet voda necesitar doparnos parar vencer cska aupa;0;
volver vernos primero decir decir demás ser grandessiempre rojill;0;
ir citar estilo alguno tuis madrizeta aburrar mazo renta bastante;0;
ir ver si robo par kilo cincar empresa luego si pedir cuentallorando claro;0;
volver curling gasteiz cony santo prudencio curling cup bakh abril cuenta leire sueskun;0;
vy pmibio haber sufrido atasco haber llegar tarde prever avión pers;1;movilidad
weno pelea física eh dar mal posiblemente huir;0;
dale mundopuedes llegar entender;0;
después dar desayunar planta dundando entrar bici libro campo ahí cada domingo libro;0;
desembarco normandia gg gracia esperar menos campaña ser bueno comer basura bf;0;
frío hacer vitoria hacer día;0;
robo arbitraje escándalo quitar técnica cska falta j;0;
empezar nevar vitoriagasteiz abril;0;
jugada anterior robo hanga pitar piecuando metro distancia haber ver dar muslo;0;
minuto hablar alcohol joven reportaje deahora;0;
minuto recordar enenque hoy hacer año mayor accidente nuclear historia chernobil;0;
maravilloso acuerdo cuenta mierda joder asco;0;
exactamente ser problema exagerar ser;0;
obra portal seguir avanzar ascensor cota sinbarreras reformaportal vitoria gasteiz;0;
segunda zorionakpor ascenso lf gran noticia parar baloncesto base placer vero gasteiz;0;
hanga tb ser violación poder tocar ninguno parte pierna cambiar hacer metro;0;
luego porqué transporte público vitoria ser tan criticar;1;movilidad
luego querer señor si niño aprender basura sociedad ir hacia atrás ser así;0;
mientras propiedad privsda publicar cumplir legislación ambiental po;0;
comer haber ser año cuanto lesión españa perder muchísimos partido;0;
pudes subir ratín vitoriagasteiz página;0;
poner periodico parecer si salar enla tv alguno medio popular vale;0;
haber precipicio si;0;
embargo orangután fascista estánpuestos calle;0;
suponer seguir sito si alternativa ser traer randojic b;0;
inaguramos expo fotografica óleo viernes esperar gustar sala geroarte vito;0;
problema siempre siempre haber idea dinero xd querer hacer;0;
hora alguien levantar voz basura televisivo cierto hacer tiempo deje verlo;0;
calle hoy cuecalahorra presentándonos público increíble haber ser placer vodka;0;
llegar fiesta santo prudencio divertirse sanprudencio fiestasalava sanprudenciomeon;0;
ser problema sólo comprensión lector ser querer pensar decidir;0;
tener problema serio seguro problema tener nombre recuerdo cara;0;
podar crear clase google classroom cuenta personal;0;
saber ataque;0;
tener candidato querer parte fenerbache ascoque hacer itoudis intentar provocar;0;
ynos presentar miguel matar empresa trabajosalaantiguausanza viñedo hora entzuteko;0;
vitoria blanco enterar negro enterar;0;
acostumbrar ir parada bus portal llave mano xddddddddddd;0;
dentor problema saber claro llevar dentro;0;
decir querer decir ser parecer correcto pregunta;0;
entender persona decir dar asco alguien luego estan super pendiente;0;
ser especialmente fan unir vez año saber gloria acompañamiento;0;
ver problema si ir radio hacer representar podar normal qu;0;
querer leer bus;0;
seguir pensar pavo tranvía faltar tres cuatro verano;1;movilidad
ver comer principal problema;0;
tener grave problema;0;
yuri yakovlevich chaika fiscal general rusia detener violencia matanza masivo litro;0;
zorionaaaka pasarlo bien traerse tres punto pd copa gasteiz;0;
zorionak abetxuko hoy comenzar fiesta;0;
zorionak desear verte vuelta vitoria domingo aupabaskonia;0;
zorionak levante saludo vitoria ver año vie;0;
zorionak sofía cumplir año vitoria vitoriagasteiz;0;
zorionakdesde gasteiz txapeldun relocos verte aquí anímate dale puñetazo mesa grande siempre;0;
zorionakegun ona izar;0;
zorionakhay ver cómo echar menos vitoria domingo venir aplaudir rabiar;0;
quemar polígono aligobeo vitoriagasteiz;1;espacio público
ayer accidente entrar turismo tranvía vitoria fotosvitoriagasteiz;1;movilidad
unir radio vitoriagasteiz presumir libre veta colaborador meterse albert rivera marhuendastyle;1;administración pública
herido accidente entrar turismo tranvía vitoria;1;movilidad
vitoriagasteiz accidente tráfico entrar tranvía turismo herido leve servicio emergencia lugar;1;movilidad
presión consistir solamente mostrar foto container basura rodear rata ser mismo;1;limpieza
colisionar tranvía turismo rotonda txagorritxu;1;movilidad
paso peatón colegio caballero rosa alejar rotonda parar mejorar seguridad peatón;1;movilidad
últimamente ser unir pasada rotonda farmaciapanaderabanco ahhay par coche doble fila;1;movilidad
paso peatón salida rotonda apartacamientos llegar paso dejar visibilidad condutor peatón;1;movilidad
ruido parecer innecesario;1;espacio público
pájaro cantar ligar menos ruido tráfico;1;espacio público
haber puesto piso turístico edificio situación ser cada vez peor ruido fiesta música alta hora madrugada;1;espacio público
endurecer ley tráfico haber q hacer;1;movilidad
corte carril bus c adriano ver;1;movilidad
ocupación carril izquierdo c heraclio fourniery parte derecho;1;movilidad
ocupación puntual carril derecho avda gasteiz cruzar c lascaray;1;movilidad
problema tranvía vitoria ser parar llegar barrio necesitar tener pasar barrio querer;1;movilidad
asociación vecino adurza evitar respaldar ampliacin tranvía sur;1;movilidad
accidentar tranvía poder ser cantidad dejar tener gravedad;1;movilidad
normal tal comer jardín vitoriagasteiz verano pasado menos green ser;1;espacio público
urtaran vitoriagasteiz ser green estrategia ciudad;1;administración pública
tirar colilla suelo ensuciar callar generar problema medio ambiente tambin habra ser cívico green;1;espacio público
fcc seguir cumplir pactar ser hora rescindir contrato ayuntamiento preste servicio limpieza;1;limpieza
contrata limpieza cumplir acordar trabajador segn;1;limpieza
podar dejar limpieza gasteiz mano insaciable multinacional comer fcc remunicipalizacion;1;limpieza
ser hora rescindir contrato fcc limpieza gasteiz realizar manera directo ayuntamiento;1;limpieza
poder explicar abro ventana venir olor mierda aguantar vaca;1;limpieza
asco dar paloma vitoria colega asustar;1;limpieza
puta paloma vitoria cada día tonto;1;limpieza
resto papelitos campo papelera haber marrano suelto pesar;1;limpieza
quito viejo poner papelera lugar espacio público mobiliario urbano;1;espacio público
calle dulzaina altura número tres haber contenedor gris alguno irresponsable haber tirado basura ir;1;limpieza
salar humo contenedor azul;1;administración pública
iquest ayuntamiento deber exigir contrata jardín hacer menos ruido posible iquest;1;limpieza
tánger tener ninguno interés rehabilitar palacio álava ayuntamiento debe iniciar expropiación;1;administración pública
bizikleteroak intención advertir ayuntamiento situación suceder tramo entrar;1;movilidad
video guerra papel metro calle dato suciedad;1;limpieza
colegio calle ariznabarra deber haber atención policial hora puntual sa;1;movilidad
bueno tardar ser unir vecino calle flandes haber barrio unir plataforma denominar tranvianotaldea;1;movilidad
bueno tardar ser unir vecino calle flandes hacer aproximadamente mes llevar llamar numerosísim;1;movilidad
último fiesta zabalgana adolescente romper vallado solar calle juan gris;1;delincuencia
falta contenedor vidrio calle koldo mitxelena cercano n ordm calle gracia estr;1;limpieza
ser imposible poder dejar bicicleta calle santo prudencio tener recorrer litro;1;movilidad
bidireccionalidad q haber hecho calle avisar menudo susto;1;movilidad
taxista parar almorzar calle castilla minuto coche vado luego deja minuto coche unir parada vacia ver;1;movilidad
querer conocer si haber abrir expediente contratación parar servicio limpieza centro civico;1;limpieza
cisco mundial contrata limpieza urtaran desaparecido;1;limpieza
exigir gestión directo servicio limpieza ahorrar coste;1;limpieza
decir problema contaminación coche ser dar volver tener sitio parar ap;1;limpieza
movilidad activar ser gran parte solución problema congestión urbano;1;movilidad
robo bicicleta vitoriagasteiz ser unir lacra terminar;1;delincuencia
calle florido frente número existir unir plaza parar aparcamiento vehículo tarjeta minusválid;1;movilidad
esperar si árbol cumplir ordenanza referente distancia adecuar deber talar;1;espacio público
arreglar baldosa suelta salida tranvi hondura qe siempre piso hoy haber salpicar;1;espacio público
hacer tiempo escribir ayuntamiento parada olaguibel ser unir parada enorme;1;movilidad
edificio antiguo aislamiento problema accesibilidad pleno ensanche;1;espacio público
venir portal castilla entrar castillo fontecha rotonda olivo haber unir alcantarilla sumidero;1;espacio público
suciedad papelera rebosar pleno anillo verde semana lamentable vitoriagasteiz;1;limpieza
papelera rebosar anillo verde vitoria;1;limpieza
robo aparcabicis convivencia tarea pendiente día mundial bici;1;delincuencia
mejorar vial aparcabicis;1;movilidad
ser cola leioa parar hacer transbordo autobús;1;movilidad
cómo ser posible solo autobús leioa parar llevar ir metro bilbao incomprensible;1;movilidad
basurero aun haber llegar;1;limpieza
promover zona verde paseo carril bici instalación público colegio;1;administración pública
ir bici siempre bidegorri meter carretera loco paso perder vida;1;movilidad
siempre salgar andar bici ir tener ir temor podar ser atropellar dejar distancia;1;movilidad
increíble gente dar cuenta encimar unir bici ir unir vida unir familia;1;movilidad
vitoriagasteiz ser unir ciudad usar bici aun tener alguno tarea pendiente;1;movilidad
paso separar físicamente bidegorri agradecer;1;movilidad
hola hacer mas dos semana hacer solicitud parar contenedor marrón aun haber contestar;1;limpieza
contenedor marrón terminar arrancar solo usar elde donostiarra ser preocupante;1;limpieza
bonito tener esquivar contenedor puto medio calle;1;espacio público
ser green;1;administración pública
hola vitoria ir green capital apuesta bici;1;administración pública
plaga rata falta limpieza callar;1;limpieza
tráfico ser terrible casi hora entrar unir rotonda ser unir aventura regla;1;movilidad
hacer día acumular charco agua rotonda calle santiago final calle extremadura;1;espacio público
rotonda absurdo nadie saber cómo tomarlas semáforo;1;movilidad
dar ayuda parar paliar daño ser admitir tranvía ser disparate seguir pedir paralización;1;movilidad
personalmente crear tranvía deber soterrar superficie ser peligro aparte afear ciudad;1;movilidad
jubilado demandar vitoria unir pensión público dignar;1;administración pública
cuándo pensar poner cartel autovía eibar vitoria;1;movilidad
paseo peatonal hecho zorro vitoriagasteiz;1;limpieza
